Catégorie;Nom du produit;Nom de fichier attendu
Cosmétiques réparateurs;Beurre de Cacao;beurre-de-cacao.jpg
Cosmétiques réparateurs;Beurre de Karité;beurre-de-karite.jpg
Cosmétiques réparateurs;Beurre de Massage;beurre-de-massage.jpg
Cosmétiques réparateurs;Huile Boost Hair;huile-boost-hair.jpg
Cosmétiques réparateurs;Huile Corporelle;huile-corporelle.jpg
Cosmétiques réparateurs;Lotion pour le Visage;lotion-pour-le-visage.jpg
Cosmétiques réparateurs;Poudre Anti-Acné;poudre-anti-acne.jpg
Cosmétiques réparateurs;Savon Kortor;savon-kortor.jpg
Cosmétiques réparateurs;Savon Noir 7 Épices;savon-noir-7-epices.jpg
Cosmétiques réparateurs;Savon Visage;savon-visage.jpg
Cosmétiques réparateurs;Yeyishampoo;yeyishampoo.jpg
Huiles essentielles;Huile essentielle d'Aglala;huile-essentielle-d-aglala.jpg
Huiles essentielles;Huile essentielle d'Ail;huile-essentielle-d-ail.jpg
Huiles essentielles;Huile essentielle d'Arbre à thé;huile-essentielle-d-arbre-a-the.jpg
Huiles essentielles;Huile essentielle d'Encens Oliban;huile-essentielle-d-encens-oliban.jpg
Huiles essentielles;Huile essentielle d'Eucalyptus globulus;huile-essentielle-d-eucalyptus-globulus.jpg
Huiles essentielles;Huile essentielle d'Orange douce;huile-essentielle-d-orange-douce.jpg
Huiles essentielles;Huile essentielle d'Origan;huile-essentielle-d-origan.jpg
Huiles essentielles;Huile essentielle d'Ylang-Ylang;huile-essentielle-d-ylang-ylang.jpg
Huiles essentielles;Huile essentielle de Basilic;huile-essentielle-de-basilic.jpg
Huiles essentielles;Huile essentielle de Bergamote;huile-essentielle-de-bergamote.jpg
Huiles essentielles;Huile essentielle de Bois de Santal;huile-essentielle-de-bois-de-santal.jpg
Huiles essentielles;Huile essentielle de Cannelle de Ceylan;huile-essentielle-de-cannelle-de-ceylan.jpg
Huiles essentielles;Huile essentielle de Carotte;huile-essentielle-de-carotte.jpg
Huiles essentielles;Huile essentielle de Citron;huile-essentielle-de-citron.jpg
Huiles essentielles;Huile essentielle de Citronnelle de Java;huile-essentielle-de-citronnelle-de-java.jpg
Huiles essentielles;Huile essentielle de Citronnelle de Nardus;huile-essentielle-de-citronnelle-de-nardus.jpg
Huiles essentielles;Huile essentielle de Clou de Girofle;huile-essentielle-de-clou-de-girofle.jpg
Huiles essentielles;Huile essentielle de Curcuma;huile-essentielle-de-curcuma.jpg
Huiles essentielles;Huile essentielle de Fleur d'oranger;huile-essentielle-de-fleur-d-oranger.jpg
Huiles essentielles;Huile essentielle de Fleurs d'Isis;huile-essentielle-de-fleurs-d-isis.jpg
Huiles essentielles;Huile essentielle de Gingembre;huile-essentielle-de-gingembre.jpg
Huiles essentielles;Huile essentielle de Jasmin;huile-essentielle-de-jasmin.jpg
Huiles essentielles;Huile essentielle de Laurier;huile-essentielle-de-laurier.jpg
Huiles essentielles;Huile essentielle de Lavande vraie;huile-essentielle-de-lavande-vraie.jpg
Huiles essentielles;Huile essentielle de Mandarine;huile-essentielle-de-mandarine.jpg
Huiles essentielles;Huile essentielle de Menthe poivrée;huile-essentielle-de-menthe-poivree.jpg
Huiles essentielles;Huile essentielle de Niaouli;huile-essentielle-de-niaouli.jpg
Huiles essentielles;Huile essentielle de Pamplemousse rose;huile-essentielle-de-pamplemousse-rose.jpg
Huiles essentielles;Huile essentielle de Patchouli;huile-essentielle-de-patchouli.jpg
Huiles essentielles;Huile essentielle de Poivre long;huile-essentielle-de-poivre-long.jpg
Huiles essentielles;Huile essentielle de Ravintsara;huile-essentielle-de-ravintsara.jpg
Huiles essentielles;Huile essentielle de Romarin;huile-essentielle-de-romarin.jpg
Huiles essentielles;Huile essentielle de Rose de Damas;huile-essentielle-de-rose-de-damas.jpg
Huiles essentielles;Huile essentielle de Sauge;huile-essentielle-de-sauge.jpg
Huiles essentielles;Huile essentielle de Tchayo;huile-essentielle-de-tchayo.jpg
Huiles essentielles;Huile essentielle de Thé vert;huile-essentielle-de-the-vert.jpg
Huiles essentielles;Huile essentielle de Thym;huile-essentielle-de-thym.jpg
Huiles essentielles;Huile essentielle de Vanille;huile-essentielle-de-vanille.jpg
Huiles essentielles;Huile essentielle de Verveine citronnée;huile-essentielle-de-verveine-citronnee.jpg
Huiles végétales;Huile végétale d'Ail;huile-vegetale-d-ail.jpg
Huiles végétales;Huile végétale d'Olive;huile-vegetale-d-olive.jpg
Huiles végétales;Huile végétale de Chanvre;huile-vegetale-de-chanvre.jpg
Huiles végétales;Huile végétale de Chébé;huile-vegetale-de-chebe.jpg
Huiles végétales;Huile végétale de Coco;huile-vegetale-de-coco.jpg
Huiles végétales;Huile végétale de Curcuma;huile-vegetale-de-curcuma.jpg
Huiles végétales;Huile végétale de Fenugrec;huile-vegetale-de-fenugrec.jpg
Huiles végétales;Huile végétale de Jojoba;huile-vegetale-de-jojoba.jpg
Huiles végétales;Huile végétale de Moringa;huile-vegetale-de-moringa.jpg
Huiles végétales;Huile végétale de Neem;huile-vegetale-de-neem.jpg
Huiles végétales;Huile végétale de Nigelle;huile-vegetale-de-nigelle.jpg
Huiles végétales;Huile végétale de Ricin;huile-vegetale-de-ricin.jpg
Huiles végétales;Huile végétale de Sésame;huile-vegetale-de-sesame.jpg
Huiles végétales;Huile végétale de Souchet;huile-vegetale-de-souchet.jpg
Huiles végétales;Huile végétale de Tcho Tcho;huile-vegetale-de-tcho-tcho.jpg
Infusions;Artémisia;artemisia.jpg
Infusions;Infusion d'Ortie;infusion-d-ortie.jpg
Infusions;Infusion de Cannelle;infusion-de-cannelle.jpg
Infusions;Infusion de Clous de Girofle;infusion-de-clous-de-girofle.jpg
Infusions;Infusion de Curcuma;infusion-de-curcuma.jpg
Infusions;Infusion de Thé Rouge;infusion-de-the-rouge.jpg
Infusions;Infusion de Thym;infusion-de-thym.jpg
Infusions;Infusion Ventre Plat;infusion-ventre-plat.jpg
Infusions;Racine de Ginseng;racine-de-ginseng.jpg
Poudres;Poudre d'Argile verte;poudre-d-argile-verte.jpg
Poudres;Poudre de Baobab;poudre-de-baobab.jpg
Poudres;Poudre de Cacao;poudre-de-cacao.jpg
Poudres;Poudre de Caïlcédrat;poudre-de-cailcedrat.jpg
Poudres;Poudre de Cannelle;poudre-de-cannelle.jpg
Poudres;Poudre de Clou de Girofle;poudre-de-clou-de-girofle.jpg
Poudres;Poudre de Curcuma;poudre-de-curcuma.jpg
Poudres;Poudre de Graine de Fruit de Noni;poudre-de-graine-de-fruit-de-noni.jpg
Poudres;Poudre de Moringa;poudre-de-moringa.jpg
Poudres;Poudre de Néré;poudre-de-nere.jpg
Poudres;Poudre de Petit Cola;poudre-de-petit-cola.jpg
Poudres;Poudre de Poivre long;poudre-de-poivre-long.jpg
Poudres;Poudre de Souchet;poudre-de-souchet.jpg
